day,approved,approved_percent,denied,denied_percent,STEM,STEM_percent,SocSciLaw,SocSciLaw_percent,MedEd,MedEd_percent,Arts,Arts_percent,Business,Business_percent,Religion,Religion_percent,Misc,Misc_percent
4/4/23,6,0.010729806,0,0,6,0.010729806,0,0,0,0,0,0,0,0,0,0,0,0
4/5/23,12,0.021459611,0,0,12,0.021459611,0,0,0,0,0,0,0,0,0,0,0,0
4/6/23,25,0.044707523,0,0,25,0.044707523,0,0,0,0,0,0,0,0,0,0,0,0
4/7/23,34,0.060802232,0,0,34,0.060802232,0,0,0,0,0,0,0,0,0,0,0,0
4/8/23,35,0.062590533,0,0,34,0.060802232,0,0,0,0,0,0,1,0.001788301,0,0,0,0
4/10/23,62,0.110874658,0,0,58,0.103721454,0,0,0,0,0,0,3,0.005364903,0,0,1,0.001788301
4/11/23,111,0.198501404,0,0,102,0.182406695,0,0,0,0,0,0,8,0.014306407,0,0,1,0.001788301
4/12/23,154,0.275398344,0,0,142,0.253938733,1,0.001788301,0,0,1,0.001788301,9,0.016094708,0,0,1,0.001788301
4/13/23,222,0.397002808,0,0,207,0.370178294,2,0.003576602,0,0,1,0.001788301,10,0.017883009,0,0,2,0.003576602
4/14/23,271,0.484629553,0,0,252,0.450651836,3,0.005364903,0,0,1,0.001788301,13,0.023247912,0,0,2,0.003576602
4/15/23,288,0.515030669,0,0,267,0.47747635,3,0.005364903,0,0,1,0.001788301,15,0.026824514,0,0,2,0.003576602
4/16/23,292,0.522183873,0,0,271,0.484629553,3,0.005364903,0,0,1,0.001788301,15,0.026824514,0,0,2,0.003576602
4/17/23,397,0.709955471,0,0,363,0.64915324,6,0.010729806,0,0,3,0.005364903,23,0.041130922,0,0,2,0.003576602
4/18/23,506,0.904880273,0,0,457,0.817253527,8,0.014306407,0,0,5,0.008941505,33,0.059013931,0,0,3,0.005364903
4/19/23,617,1.103381677,0,0,561,1.003236825,8,0.014306407,0,0,5,0.008941505,40,0.071532037,0,0,3,0.005364903
4/20/23,751,1.343014002,0,0,677,1.210679733,9,0.016094708,0,0,7,0.012518107,55,0.098356551,0,0,3,0.005364903
4/21/23,866,1.54866861,0,0,775,1.385933225,12,0.021459611,1,0.001788301,11,0.01967131,64,0.11445126,0,0,3,0.005364903
4/22/23,894,1.598741036,0,0,803,1.436005651,12,0.021459611,1,0.001788301,11,0.01967131,64,0.11445126,0,0,3,0.005364903
4/23/23,904,1.616624045,0,0,810,1.448523758,12,0.021459611,1,0.001788301,11,0.01967131,67,0.119816163,0,0,3,0.005364903
4/24/23,1086,1.942094816,0,0,962,1.7203455,14,0.025036213,3,0.005364903,12,0.021459611,91,0.162735385,0,0,4,0.007153204
4/25/23,1262,2.25683578,0,0,1111,1.986802339,14,0.025036213,5,0.008941505,16,0.028612815,112,0.200289705,0,0,4,0.007153204
4/26/23,1437,2.569788444,0,0,1258,2.249682577,16,0.028612815,8,0.014306407,17,0.030401116,133,0.237844024,0,0,5,0.008941505
4/27/23,1608,2.875587904,0,0,1412,2.525080921,17,0.030401116,8,0.014306407,18,0.032189417,147,0.262880237,0,0,6,0.010729806
4/28/23,1763,3.152774549,0,0,1550,2.77186645,18,0.032189417,8,0.014306407,20,0.035766019,161,0.287916451,0,0,6,0.010729806
4/29/23,1803,3.224306586,0,0,1586,2.836245283,18,0.032189417,8,0.014306407,20,0.035766019,165,0.295069654,0,0,6,0.010729806
5/1/23,2025,3.621309394,0,0,1763,3.152774549,24,0.042919222,10,0.017883009,23,0.041130922,198,0.354083585,0,0,7,0.012518107
5/2/23,2271,4.061231424,0,0,1974,3.530106046,33,0.059013931,13,0.023247912,25,0.044707523,219,0.391637905,0,0,7,0.012518107
5/3/23,2485,4.443927824,0,0,2161,3.864518321,39,0.069743736,16,0.028612815,25,0.044707523,237,0.423827322,0,0,7,0.012518107
5/4/23,2696,4.821259322,0,0,2336,4.177470985,43,0.07689694,18,0.032189417,27,0.048284125,263,0.470323146,0,0,9,0.016094708
5/5/23,2834,5.068044851,0,0,2450,4.381337291,45,0.080473542,19,0.033977718,29,0.051860727,281,0.502512563,0,0,10,0.017883009
5/6/23,2872,5.136000286,0,0,2481,4.43677462,45,0.080473542,19,0.033977718,29,0.051860727,288,0.515030669,0,0,10,0.017883009
5/7/23,2894,5.175342907,0,0,2502,4.47432894,45,0.080473542,19,0.033977718,29,0.051860727,289,0.51681897,0,0,10,0.017883009
5/8/23,3127,5.592017025,0,0,2694,4.81768272,49,0.087626746,22,0.039342621,30,0.053649028,322,0.575832901,0,0,10,0.017883009
5/9/23,3372,6.030150754,0,0,2899,5.184284411,57,0.101933153,25,0.044707523,32,0.05722563,348,0.622328725,0,0,11,0.01967131
5/10/23,3611,6.457554677,0,0,3094,5.533003094,59,0.105509755,27,0.048284125,33,0.059013931,387,0.692072462,0,0,11,0.01967131
5/11/23,3814,6.820579767,0,0,3266,5.840590855,65,0.116239561,28,0.050072426,35,0.062590533,409,0.731415083,0,0,11,0.01967131
5/12/23,4006,7.163933547,0,0,3407,6.092741287,68,0.121604464,29,0.051860727,41,0.073320338,450,0.804735421,0,0,11,0.01967131
5/13/23,4078,7.292691214,0,0,3470,6.205404245,70,0.125181065,29,0.051860727,43,0.07689694,455,0.813676926,0,0,11,0.01967131
5/14/23,4096,7.324880631,0,0,3485,6.232228759,71,0.126969366,29,0.051860727,43,0.07689694,457,0.817253527,0,0,11,0.01967131
5/15/23,4389,7.848852805,0,0,3718,6.648902877,78,0.139487473,32,0.05722563,45,0.080473542,501,0.895938769,0,0,15,0.026824514
5/16/23,4622,8.265526923,0,0,3897,6.969008745,87,0.155582181,35,0.062590533,48,0.085838445,540,0.965682505,0,0,15,0.026824514
5/17/23,4885,8.735850069,0,0,4100,7.332033835,94,0.168100288,41,0.073320338,50,0.089415047,585,1.046156047,0,0,15,0.026824514
5/18/23,5111,9.14000608,0,0,4283,7.659292906,100,0.178830094,44,0.078685241,51,0.091203348,617,1.103381677,0,0,16,0.028612815
5/19/23,5311,9.497666267,0,0,4446,7.950785958,102,0.182406695,46,0.082261843,55,0.098356551,646,1.155242404,0,0,16,0.028612815
5/20/23,5390,9.638942041,0,0,4518,8.079543626,103,0.184194996,47,0.084050144,55,0.098356551,651,1.164183909,0,0,16,0.028612815
5/21/23,5437,9.722992185,0,0,4556,8.147499061,104,0.185983297,47,0.084050144,55,0.098356551,659,1.178490316,0,0,16,0.028612815
5/22/23,5721,10.23086965,0,0,4777,8.542713568,113,0.202078006,51,0.091203348,60,0.107298056,704,1.258963858,0,0,16,0.028612815
5/23/23,6056,10.82995046,0,0,5038,9.009460112,122,0.218172714,54,0.096568251,61,0.109086357,762,1.362685313,0,0,19,0.033977718
5/24/23,6400,11.44512599,0,0,5299,9.476206656,136,0.243208927,64,0.11445126,67,0.119816163,813,1.45388866,0,0,21,0.03755432
5/25/23,6672,11.93154384,0,0,5520,9.871421163,140,0.250362131,67,0.119816163,70,0.125181065,853,1.525420698,0,0,22,0.039342621
5/26/23,6968,12.46088092,1,0.001788301,5756,10.29346018,144,0.257515335,73,0.130545968,72,0.128757667,901,1.611259143,0,0,23,0.041130922
5/27/23,7081,12.66295892,1,0.001788301,5851,10.46334877,144,0.257515335,73,0.130545968,73,0.130545968,918,1.641660259,0,0,23,0.041130922
5/28/23,7097,12.69157174,1,0.001788301,5867,10.49196159,144,0.257515335,73,0.130545968,73,0.130545968,918,1.641660259,0,0,23,0.041130922
5/29/23,7238,12.94372217,2,0.003576602,5977,10.68867469,149,0.266456839,74,0.132334269,76,0.135910871,941,1.68279118,0,0,23,0.041130922
5/30/23,7512,13.43371663,3,0.005364903,6183,11.05706468,159,0.284339849,82,0.146640677,81,0.144852376,986,1.763264722,0,0,24,0.042919222
5/31/23,7854,14.04531555,3,0.005364903,6440,11.51665802,174,0.311164363,88,0.157370482,83,0.148428978,1045,1.868774477,0,0,27,0.048284125
6/1/23,8158,14.58895903,3,0.005364903,6660,11.91008423,194,0.346930381,93,0.166311987,85,0.152005579,1102,1.970707631,0,0,27,0.048284125
6/2/23,8467,15.14154402,5,0.008941505,6891,12.32318175,201,0.359448488,99,0.177041793,91,0.162735385,1163,2.079793988,0,0,27,0.048284125
6/3/23,8602,15.38296465,5,0.008941505,7006,12.52883635,202,0.361236789,99,0.177041793,93,0.166311987,1180,2.110195104,0,0,27,0.048284125
6/4/23,8628,15.42946047,5,0.008941505,7029,12.56996727,202,0.361236789,100,0.178830094,93,0.166311987,1182,2.113771706,0,0,27,0.048284125
6/5/23,8967,16.03569449,5,0.008941505,7299,13.05280853,210,0.375543196,110,0.196713103,95,0.169888589,1231,2.201398451,0,0,27,0.048284125
6/6/23,9328,16.68127112,5,0.008941505,7571,13.53922638,223,0.398791109,114,0.203866307,101,0.180618394,1296,2.317638012,0,0,28,0.050072426
6/7/23,9640,17.23922102,6,0.010729806,7810,13.9666303,232,0.414885817,119,0.212807811,105,0.187771598,1352,2.417782865,0,0,28,0.050072426
6/8/23,9972,17.83293693,8,0.014306407,8083,14.45483646,241,0.430980525,124,0.221749316,109,0.194924802,1394,2.492891504,0,0,29,0.051860727
6/9/23,10215,18.26749405,9,0.016094708,8256,14.76421252,248,0.443498632,128,0.22890252,115,0.205654608,1447,2.587671453,0,0,30,0.053649028
6/10/23,10317,18.44990075,9,0.016094708,8335,14.9054883,253,0.452440137,131,0.234267423,116,0.207442908,1460,2.610919366,0,0,31,0.055437329
6/11/23,10350,18.50891468,9,0.016094708,8361,14.95198412,254,0.454228438,131,0.234267423,117,0.209231209,1465,2.61986087,0,0,31,0.055437329
6/12/23,10632,19.01321554,10,0.017883009,8565,15.31679751,260,0.464958243,136,0.243208927,123,0.219961015,1526,2.728947227,0,0,32,0.05722563
6/13/23,10908,19.5067866,11,0.01967131,8773,15.68876411,271,0.484629553,142,0.253938733,125,0.223537617,1574,2.814785672,0,0,34,0.060802232
6/14/23,11191,20.01287577,11,0.01967131,8974,16.04821259,278,0.49714766,148,0.264668538,134,0.239632325,1633,2.920295427,0,0,35,0.062590533
6/15/23,11461,20.49571702,11,0.01967131,9188,16.43090899,286,0.511454067,156,0.278974946,136,0.243208927,1669,2.984674261,0,0,37,0.066167135
6/16/23,11700,20.92312094,11,0.01967131,9375,16.76532127,296,0.529337077,158,0.282551548,137,0.244997228,1705,3.049053095,0,0,40,0.071532037
6/17/23,11762,21.0339956,11,0.01967131,9418,16.84221821,300,0.536490281,160,0.28612815,141,0.252150432,1714,3.065147803,0,0,40,0.071532037
6/18/23,11785,21.07512652,11,0.01967131,9439,16.87977253,300,0.536490281,160,0.28612815,141,0.252150432,1716,3.068724405,0,0,40,0.071532037
6/19/23,11905,21.28972263,11,0.01967131,9527,17.03714301,305,0.545431785,163,0.291493052,141,0.252150432,1740,3.111643627,0,0,40,0.071532037
6/20/23,12216,21.84588423,11,0.01967131,9750,17.43593412,316,0.565103096,168,0.300434557,146,0.261091937,1806,3.229671489,0,0,41,0.073320338
6/21/23,12549,22.44138844,12,0.021459611,9997,17.87764445,322,0.575832901,170,0.304011159,153,0.273610043,1875,3.353064254,0,0,44,0.078685241
6/22/23,12893,23.05656396,15,0.026824514,10251,18.33187289,331,0.59192761,178,0.318317566,157,0.280763247,1947,3.481821921,0,0,44,0.078685241
6/23/23,13127,23.47502638,15,0.026824514,10429,18.65019045,335,0.599080813,185,0.330835673,161,0.287916451,1983,3.546200755,0,0,49,0.087626746
6/24/23,13267,23.72538851,15,0.026824514,10548,18.86299827,337,0.602657415,189,0.337988877,161,0.287916451,1996,3.569448667,1,0.001788301,50,0.089415047
6/25/23,13282,23.75221302,15,0.026824514,10560,18.88445788,338,0.604445716,189,0.337988877,161,0.287916451,1998,3.573025269,1,0.001788301,50,0.089415047
6/26/23,13611,24.34056403,18,0.032189417,10792,19.29934369,353,0.63127023,196,0.350506983,162,0.289704752,2075,3.710724441,1,0.001788301,50,0.089415047
6/27/23,13980,25.00044708,18,0.032189417,11062,19.78218495,367,0.656306443,207,0.370178294,165,0.295069654,2146,3.837693807,1,0.001788301,50,0.089415047
6/28/23,14294,25.56197357,18,0.032189417,11299,20.20601227,377,0.674189453,215,0.384484701,170,0.304011159,2200,3.934262058,1,0.001788301,50,0.089415047
6/29/23,14709,26.30411846,18,0.032189417,11611,20.76396216,389,0.695649064,226,0.404156011,177,0.316529266,2272,4.063019725,1,0.001788301,51,0.091203348
6/30/23,14995,26.81557252,19,0.033977718,11819,21.13592875,404,0.722473578,236,0.422039021,182,0.32547077,2320,4.14885817,1,0.001788301,52,0.092991649
7/1/23,15081,26.9693664,19,0.033977718,11882,21.24859171,406,0.72605018,238,0.425615623,183,0.327259071,2337,4.179259286,1,0.001788301,53,0.09477995
7/2/23,15104,27.01049733,19,0.033977718,11898,21.27720453,406,0.72605018,239,0.427403924,185,0.330835673,2341,4.186412489,1,0.001788301,53,0.09477995
7/3/23,15345,27.44147785,19,0.033977718,12077,21.5973104,413,0.738568286,248,0.443498632,188,0.336200576,2384,4.26330943,1,0.001788301,53,0.09477995
7/4/23,15471,27.66680377,20,0.035766019,12178,21.77792879,416,0.743933189,253,0.452440137,191,0.341565479,2399,4.290133944,1,0.001788301,53,0.09477995
7/5/23,15816,28.28376759,20,0.035766019,12441,22.24825194,431,0.770757703,261,0.466746544,198,0.354083585,2447,4.375972389,1,0.001788301,57,0.101933153
7/6/23,16124,28.83456428,20,0.035766019,12687,22.68817397,444,0.794005615,266,0.475688049,206,0.368389993,2481,4.43677462,1,0.001788301,59,0.105509755
7/7/23,16410,29.34601835,20,0.035766019,12912,23.09054168,453,0.810100324,277,0.495359359,212,0.379119798,2515,4.497576852,1,0.001788301,60,0.107298056
7/8/23,16595,29.67685402,20,0.035766019,13064,23.36236342,462,0.826195032,281,0.502512563,214,0.3826964,2532,4.527977968,1,0.001788301,61,0.109086357
7/9/23,16629,29.73765625,20,0.035766019,13094,23.41601245,463,0.827983333,281,0.502512563,214,0.3826964,2535,4.533342871,1,0.001788301,61,0.109086357
7/10/23,16929,30.27414653,22,0.039342621,13342,23.85951108,474,0.847654643,286,0.511454067,217,0.388061303,2568,4.592356802,1,0.001788301,63,0.112662959
7/11/23,17151,30.67114934,22,0.039342621,13523,24.18319355,481,0.86017275,291,0.520395572,220,0.393426206,2593,4.637064325,1,0.001788301,64,0.11445126
7/12/23,17501,31.29705467,23,0.041130922,13812,24.70001252,497,0.888785565,296,0.529337077,222,0.397002808,2630,4.70323146,1,0.001788301,66,0.118027862
7/13/23,17876,31.96766752,25,0.044707523,14125,25.25975071,505,0.903091972,302,0.540066882,227,0.405944312,2674,4.781916701,2,0.003576602,66,0.118027862
7/14/23,18233,32.60609095,28,0.050072426,14410,25.76941648,512,0.915610079,311,0.556161591,234,0.418462419,2725,4.873120049,2,0.003576602,67,0.119816163
7/15/23,18383,32.87433609,28,0.050072426,14532,25.98758919,514,0.919186681,315,0.563314795,238,0.425615623,2740,4.899944563,3,0.005364903,69,0.123392765
7/16/23,18415,32.93156172,28,0.050072426,14557,26.03229671,515,0.920974982,315,0.563314795,238,0.425615623,2746,4.910674368,3,0.005364903,69,0.123392765
7/17/23,18666,33.38042526,31,0.055437329,14761,26.39711011,523,0.935281389,323,0.577621202,240,0.429192224,2776,4.964323396,3,0.005364903,71,0.126969366
7/18/23,18935,33.86147821,32,0.05722563,14980,26.78874801,529,0.946011195,331,0.59192761,251,0.448863535,2802,5.010819221,3,0.005364903,71,0.126969366
7/19/23,19228,34.38545038,34,0.060802232,15229,27.23403494,537,0.960317602,337,0.602657415,256,0.457805039,2828,5.057315045,3,0.005364903,72,0.128757667
7/20/23,19559,34.97737799,37,0.066167135,15505,27.727606,549,0.981777213,342,0.61159892,260,0.464958243,2865,5.12348218,3,0.005364903,72,0.128757667
7/21/23,19836,35.47273735,39,0.069743736,15739,28.14606842,553,0.988930417,348,0.622328725,261,0.466746544,2897,5.18070781,3,0.005364903,74,0.132334269
7/22/23,20011,35.78569002,39,0.069743736,15873,28.38570075,560,1.001448524,352,0.629481929,267,0.47747635,2921,5.223627032,3,0.005364903,74,0.132334269
7/23/23,20030,35.81966773,39,0.069743736,15889,28.41431356,560,1.001448524,352,0.629481929,267,0.47747635,2924,5.228991935,3,0.005364903,74,0.132334269
7/24/23,20292,36.28820258,41,0.073320338,16108,28.80595147,566,1.012178329,357,0.638423434,274,0.489994456,2951,5.27727606,3,0.005364903,74,0.132334269
7/25/23,20583,36.80859815,42,0.075108639,16364,29.2637565,572,1.022908135,362,0.647364939,277,0.495359359,2973,5.316618681,3,0.005364903,74,0.132334269
7/26/23,20946,37.45775139,42,0.075108639,16679,29.8270713,579,1.035426242,373,0.667036249,280,0.500724262,2998,5.361326204,3,0.005364903,76,0.135910871
7/27/23,21255,38.01033638,45,0.080473542,16948,30.30812425,587,1.049732649,378,0.675977754,284,0.507877466,3024,5.407822028,3,0.005364903,76,0.135910871
7/28/23,21554,38.54503836,46,0.082261843,17211,30.7784474,591,1.056885853,385,0.68849586,288,0.515030669,3046,5.447164649,3,0.005364903,76,0.135910871
7/29/23,21673,38.75784617,46,0.082261843,17315,30.96443069,595,1.064039056,386,0.690284161,289,0.51681897,3055,5.463259357,3,0.005364903,76,0.135910871
7/30/23,21708,38.8204367,46,0.082261843,17347,31.02165632,595,1.064039056,387,0.692072462,289,0.51681897,3057,5.466835959,3,0.005364903,76,0.135910871
7/31/23,21930,39.21743951,49,0.087626746,17541,31.36858671,599,1.07119226,391,0.699225666,292,0.522183873,3076,5.500813677,3,0.005364903,77,0.137699172
8/1/23,22161,39.63053703,53,0.09477995,17745,31.7334001,603,1.078345464,394,0.704590569,293,0.523972174,3098,5.540156298,3,0.005364903,78,0.139487473
8/2/23,22492,40.22246464,56,0.100144852,18029,32.24127756,608,1.087286969,402,0.718896976,297,0.531125378,3129,5.595593626,3,0.005364903,80,0.143064075
8/3/23,22785,40.74643681,62,0.110874658,18300,32.72590712,611,1.092651871,405,0.724261879,300,0.536490281,3147,5.627783043,3,0.005364903,81,0.144852376
8/4/23,23088,41.28829199,64,0.11445126,18573,33.21411327,615,1.099805075,409,0.731415083,306,0.547220086,3164,5.658184159,3,0.005364903,82,0.146640677
8/5/23,23249,41.57620844,64,0.11445126,18710,33.4591105,617,1.103381677,411,0.734991684,308,0.550796688,3181,5.688585275,3,0.005364903,83,0.148428978
8/6/23,23271,41.61555106,64,0.11445126,18730,33.49487652,618,1.105169978,411,0.734991684,308,0.550796688,3182,5.690373576,3,0.005364903,83,0.148428978
8/7/23,23515,42.05189649,67,0.119816163,18946,33.88114952,625,1.117688085,414,0.740356587,312,0.557949892,3197,5.71719809,3,0.005364903,85,0.152005579
8/8/23,23768,42.50433663,69,0.123392765,19154,34.25311611,630,1.126629589,419,0.749298092,317,0.566891396,3229,5.77442372,3,0.005364903,85,0.152005579
8/9/23,24058,43.0229439,71,0.126969366,19395,34.68409664,640,1.144512599,425,0.760027897,318,0.568679697,3262,5.833437651,4,0.007153204,85,0.152005579
8/10/23,24340,43.52724476,75,0.13412257,19631,35.10613566,651,1.164183909,428,0.7653928,321,0.5740446,3292,5.887086679,4,0.007153204,88,0.157370482
8/11/23,24547,43.89742306,77,0.137699172,19799,35.40657022,654,1.169548812,436,0.779699208,321,0.5740446,3318,5.933582503,4,0.007153204,92,0.164523686
8/12/23,24625,44.03691053,77,0.137699172,19858,35.51207997,660,1.180278617,440,0.786852412,322,0.575832901,3325,5.94610061,4,0.007153204,93,0.166311987
8/13/23,24653,44.08698296,77,0.137699172,19884,35.5585758,660,1.180278617,440,0.786852412,322,0.575832901,3327,5.949677212,4,0.007153204,93,0.166311987
8/14/23,24800,44.34986319,78,0.139487473,20003,35.77138361,664,1.187431821,444,0.794005615,322,0.575832901,3347,5.98544323,4,0.007153204,94,0.168100288
8/15/23,24998,44.70394678,81,0.144852376,20172,36.07360647,671,1.199949928,448,0.801158819,323,0.577621202,3364,6.015844346,4,0.007153204,97,0.173465191
8/16/23,25240,45.13671561,83,0.148428978,20378,36.44199646,673,1.203526529,452,0.808312023,325,0.581197804,3392,6.065916772,4,0.007153204,99,0.177041793
8/17/23,25504,45.60882705,89,0.159158783,20598,36.83542266,681,1.217832937,457,0.817253527,334,0.597292512,3418,6.112412597,4,0.007153204,101,0.180618394
8/18/23,25720,45.99510006,94,0.168100288,20784,37.16804664,684,1.22319784,460,0.82261843,337,0.602657415,3441,6.153543518,4,0.007153204,104,0.185983297
8/19/23,25794,46.12743432,94,0.168100288,20843,37.27355639,686,1.226774442,460,0.82261843,338,0.604445716,3452,6.173214829,4,0.007153204,105,0.187771598
8/20/23,25802,46.14174073,94,0.168100288,20851,37.2878628,686,1.226774442,460,0.82261843,338,0.604445716,3452,6.173214829,4,0.007153204,105,0.187771598
8/21/23,25963,46.42965718,95,0.169888589,20989,37.53464833,689,1.232139344,464,0.829771634,339,0.606234017,3468,6.201827644,4,0.007153204,105,0.187771598
8/22/23,26188,46.83202489,108,0.193136501,21196,37.90482662,694,1.241080849,469,0.838713139,341,0.609810619,3486,6.23401706,4,0.007153204,106,0.189559899
8/23/23,26435,47.27373522,114,0.203866307,21419,38.30361773,701,1.253598956,472,0.844078041,343,0.613387221,3503,6.264418176,5,0.008941505,106,0.189559899
8/24/23,26707,47.76015308,116,0.207442908,21650,38.71671525,708,1.266117062,480,0.858384449,344,0.615175522,3530,6.312702302,5,0.008941505,106,0.189559899
8/25/23,26958,48.20901661,118,0.21101951,21872,39.11371806,712,1.273270266,481,0.86017275,345,0.616963823,3552,6.352044922,5,0.008941505,109,0.194924802
8/26/23,27026,48.33062108,118,0.21101951,21934,39.22459271,713,1.275058567,481,0.86017275,345,0.616963823,3557,6.360986427,5,0.008941505,109,0.194924802
8/27/23,27062,48.39499991,118,0.21101951,21966,39.28181834,714,1.276846868,482,0.861961051,345,0.616963823,3559,6.364563029,5,0.008941505,109,0.194924802
8/28/23,27344,48.89930077,119,0.212807811,22197,39.69491586,722,1.291153275,485,0.867325954,347,0.620540425,3596,6.430730163,5,0.008941505,111,0.198501404
8/29/23,27625,49.40181334,121,0.216384413,22428,40.10801338,730,1.305459683,491,0.878055759,351,0.627693628,3628,6.487955793,5,0.008941505,113,0.202078006
8/30/23,27967,50.01341226,121,0.216384413,22719,40.62840895,739,1.321554391,493,0.881632361,357,0.638423434,3660,6.545181423,5,0.008941505,115,0.205654608
8/31/23,28327,50.65720059,126,0.225325918,23016,41.15953433,750,1.341225701,499,0.892362167,364,0.65094154,3704,6.623866664,5,0.008941505,115,0.205654608
9/1/23,28604,51.15255995,129,0.230690821,23260,41.59587975,758,1.355532109,503,0.89951537,365,0.652729841,3726,6.663209285,5,0.008941505,116,0.207442908
9/2/23,28695,51.31529534,129,0.230690821,23342,41.74252043,759,1.35732041,504,0.901303671,365,0.652729841,3733,6.675727391,5,0.008941505,116,0.207442908
9/3/23,28713,51.34748475,129,0.230690821,23356,41.76755664,759,1.35732041,504,0.901303671,365,0.652729841,3737,6.682880595,5,0.008941505,116,0.207442908
9/4/23,28809,51.51916164,129,0.230690821,23436,41.91062072,759,1.35732041,505,0.903091972,365,0.652729841,3752,6.709705109,5,0.008941505,116,0.207442908
9/5/23,29104,52.04671042,135,0.241420626,23687,42.35948425,764,1.366261915,508,0.908456875,369,0.659883045,3790,6.777660545,5,0.008941505,116,0.207442908
9/6/23,29457,52.67798065,139,0.24857383,23994,42.90849264,769,1.375203419,510,0.912033477,377,0.674189453,3822,6.834886175,5,0.008941505,119,0.212807811
9/7/23,29874,53.42370214,139,0.24857383,24339,43.52545646,777,1.389509827,518,0.926339884,387,0.692072462,3867,6.915359717,5,0.008941505,120,0.214596112
9/8/23,30186,53.98165203,142,0.253938733,24613,44.01545092,787,1.407392836,522,0.933493088,391,0.699225666,3889,6.954702337,5,0.008941505,121,0.216384413
9/9/23,30283,54.15511722,143,0.255727034,24693,44.15851499,790,1.412757739,527,0.942434593,391,0.699225666,3899,6.972585347,5,0.008941505,121,0.216384413
9/10/23,30313,54.20876625,143,0.255727034,24717,44.20143422,791,1.41454604,527,0.942434593,391,0.699225666,3904,6.981526851,5,0.008941505,121,0.216384413
9/11/23,30663,54.83467158,145,0.259303636,25009,44.72361809,800,1.430640748,532,0.951376098,392,0.701013967,3946,7.056635491,5,0.008941505,124,0.221749316
9/12/23,31073,55.56787496,147,0.262880237,25367,45.36382983,807,1.443158855,536,0.958529301,398,0.711743772,3982,7.121014324,5,0.008941505,125,0.223537617
9/13/23,31468,56.27425383,150,0.26824514,25708,45.97364044,811,1.450312059,542,0.969259107,402,0.718896976,4022,7.192546362,5,0.008941505,128,0.22890252
9/14/23,31870,56.99315081,152,0.271821742,26049,46.58345106,819,1.464618466,546,0.976412311,408,0.729626782,4065,7.269443302,5,0.008941505,130,0.232479122
9/15/23,32238,57.65124555,156,0.278974946,26370,47.15749566,825,1.475348272,549,0.981777213,412,0.736779985,4102,7.335610437,5,0.008941505,131,0.234267423
9/16/23,32385,57.91412579,158,0.282551548,26503,47.39533969,828,1.480713174,550,0.983565514,412,0.736779985,4114,7.357070048,5,0.008941505,131,0.234267423
9/17/23,32408,57.95525671,158,0.282551548,26525,47.43468231,828,1.480713174,550,0.983565514,412,0.736779985,4115,7.358858349,5,0.008941505,131,0.234267423
9/18/23,32793,58.64375257,162,0.289704752,26856,48.02660992,834,1.49144298,554,0.990718718,415,0.742144888,4159,7.43754359,5,0.008941505,132,0.236055723
9/19/23,33190,59.35370804,165,0.295069654,27181,48.60780772,845,1.51111429,556,0.99429532,418,0.747509791,4216,7.539476743,5,0.008941505,134,0.239632325
9/20/23,33590,60.06902842,169,0.302222858,27522,49.21761834,853,1.525420698,564,1.008601727,420,0.751086393,4259,7.616373683,6,0.010729806,135,0.241420626
9/21/23,34042,60.87734044,176,0.314740965,27912,49.91505571,869,1.554033513,573,1.024696436,420,0.751086393,4303,7.695058925,6,0.010729806,135,0.241420626
9/22/23,34342,61.41383072,179,0.320105867,28158,50.35497774,880,1.573704823,578,1.033637941,424,0.758239597,4339,7.759437758,6,0.010729806,136,0.243208927
9/23/23,34440,61.58908421,179,0.320105867,28245,50.51055992,880,1.573704823,581,1.039002843,424,0.758239597,4346,7.771955865,6,0.010729806,137,0.244997228
9/24/23,34495,61.68744076,180,0.321894168,28291,50.59282176,881,1.575493124,583,1.042579445,425,0.760027897,4352,7.78268567,6,0.010729806,137,0.244997228
9/25/23,34937,62.47786978,188,0.336200576,28651,51.2366101,889,1.589799531,588,1.05152095,432,0.772546004,4420,7.904290134,7,0.012518107,138,0.246785529
9/26/23,35371,63.25399238,191,0.341565479,28997,51.85536222,901,1.611259143,595,1.064039056,437,0.781487509,4484,8.018741394,7,0.012518107,141,0.252150432
9/27/23,35846,64.10343533,194,0.346930381,29401,52.5778358,907,1.621988948,602,1.076557163,443,0.792217314,4538,8.115309644,7,0.012518107,142,0.253938733
9/28/23,36265,64.85273342,198,0.354083585,29743,53.18943472,924,1.652390064,615,1.099805075,449,0.80294712,4578,8.186841682,7,0.012518107,147,0.262880237
9/29/23,36653,65.54659418,201,0.359448488,30056,53.74917291,933,1.668484773,620,1.10874658,453,0.810100324,4637,8.292351437,7,0.012518107,148,0.264668538
9/30/23,36836,65.87385325,201,0.359448488,30212,54.02814786,937,1.675637976,622,1.112323182,454,0.811888625,4655,8.324540854,7,0.012518107,150,0.26824514
10/1/23,36846,65.89173626,201,0.359448488,30221,54.04424257,937,1.675637976,623,1.114111483,454,0.811888625,4655,8.324540854,7,0.012518107,150,0.26824514
10/2/23,37198,66.52121819,209,0.373754895,30489,54.52350722,945,1.689944384,631,1.12841789,458,0.819041828,4725,8.449721919,7,0.012518107,152,0.271821742
10/3/23,37486,67.03624886,216,0.386273002,30709,54.91693342,949,1.697097588,641,1.1463009,463,0.827983333,4779,8.54629017,7,0.012518107,154,0.275398344
10/4/23,37903,67.78197035,220,0.393426206,31035,55.49991953,954,1.706039092,645,1.153454103,470,0.84050144,4857,8.685777643,7,0.012518107,155,0.277186645
10/5/23,38229,68.36495645,225,0.40236771,31307,55.98633738,958,1.713192296,652,1.16597221,472,0.844078041,4902,8.766251185,7,0.012518107,156,0.278974946
10/6/23,38428,68.72082834,227,0.405944312,31452,56.24564102,962,1.7203455,657,1.174913714,475,0.849442944,4946,8.844936426,7,0.012518107,156,0.278974946
10/7/23,38461,68.77984227,227,0.405944312,31479,56.29392514,962,1.7203455,660,1.180278617,476,0.851231245,4948,8.848513028,7,0.012518107,156,0.278974946
10/9/23,38531,68.90502334,228,0.407732613,31540,56.4030115,962,1.7203455,660,1.180278617,477,0.853019546,4957,8.864607736,7,0.012518107,156,0.278974946
10/10/23,38824,69.42899551,232,0.414885817,31769,56.81253241,977,1.747170014,664,1.187431821,480,0.858384449,5002,8.945081278,7,0.012518107,157,0.280763247
10/11/23,39097,69.91720167,236,0.422039021,31986,57.20059372,983,1.757899819,667,1.192796724,483,0.863749352,5050,9.030919723,7,0.012518107,157,0.280763247
10/12/23,39414,70.48409306,240,0.429192224,32240,57.65482215,989,1.768629625,676,1.208891432,487,0.870902555,5096,9.113181566,7,0.012518107,159,0.284339849
10/13/23,39613,70.83996495,242,0.432768826,32402,57.9445269,994,1.77757113,677,1.210679733,488,0.872690856,5127,9.168618895,7,0.012518107,160,0.28612815
10/14/23,39624,70.85963626,242,0.432768826,32412,57.96240991,994,1.77757113,677,1.210679733,488,0.872690856,5128,9.170407196,7,0.012518107,160,0.28612815
10/15/23,39625,70.86142456,242,0.432768826,32413,57.96419822,994,1.77757113,677,1.210679733,488,0.872690856,5128,9.170407196,7,0.012518107,160,0.28612815
10/16/23,39866,71.29240509,246,0.43992203,32595,58.28966899,1005,1.79724244,682,1.219621238,489,0.874479157,5171,9.247304136,7,0.012518107,163,0.291493052
10/17/23,40104,71.71802071,257,0.45959334,32788,58.63481107,1008,1.802607343,687,1.228562743,491,0.878055759,5217,9.329565979,7,0.012518107,163,0.291493052
10/18/23,40403,72.25272269,262,0.468534845,33021,59.05148518,1023,1.829431857,688,1.230351043,494,0.883420662,5269,9.422557628,7,0.012518107,163,0.291493052
10/19/23,40711,72.80351938,267,0.47747635,33287,59.52717323,1030,1.841949963,692,1.237504247,494,0.883420662,5303,9.48335986,7,0.012518107,165,0.295069654
10/20/23,40910,73.15939126,267,0.47747635,33445,59.80972478,1034,1.849103167,694,1.241080849,498,0.890573866,5332,9.535220587,7,0.012518107,167,0.298646256
10/21/23,40934,73.20231048,267,0.47747635,33467,59.8490674,1034,1.849103167,694,1.241080849,498,0.890573866,5334,9.538797189,7,0.012518107,167,0.298646256
10/23/23,41234,73.73880077,275,0.491782757,33717,60.29614263,1039,1.858044672,701,1.253598956,502,0.89772707,5374,9.610329226,7,0.012518107,169,0.302222858
10/24/23,41519,74.24846653,279,0.498935961,33953,60.71818166,1049,1.875927681,704,1.258963858,505,0.903091972,5410,9.67470806,7,0.012518107,170,0.304011159
10/25/23,41832,74.80820472,285,0.509665767,34206,61.17062179,1056,1.888445788,712,1.273270266,509,0.910245176,5456,9.756969903,7,0.012518107,171,0.30579946
10/26/23,42130,75.3411184,296,0.529337077,34455,61.61590873,1061,1.897387292,718,1.284000072,513,0.91739838,5501,9.837443445,7,0.012518107,171,0.30579946
10/27/23,42340,75.7166616,302,0.540066882,34637,61.9413795,1067,1.908117098,723,1.292941576,514,0.919186681,5523,9.876786066,7,0.012518107,171,0.30579946
10/28/23,42360,75.75242762,302,0.540066882,34652,61.96820401,1068,1.909905399,723,1.292941576,515,0.920974982,5526,9.882150968,7,0.012518107,171,0.30579946
10/30/23,42645,76.26209339,307,0.549008387,34883,62.38130153,1075,1.922423505,730,1.305459683,518,0.926339884,5568,9.957259608,7,0.012518107,171,0.30579946
10/31/23,42936,76.78248896,311,0.556161591,35121,62.80691715,1081,1.933153311,735,1.314401187,519,0.928128185,5611,10.03415655,7,0.012518107,173,0.309376062
11/1/23,43239,77.32434414,317,0.566891396,35375,63.26114559,1090,1.949248019,743,1.328707595,523,0.935281389,5644,10.09317048,7,0.012518107,174,0.311164363
11/2/23,43539,77.86083442,324,0.579409503,35617,63.69391441,1093,1.954612922,750,1.341225701,529,0.946011195,5691,10.17722062,7,0.012518107,176,0.314740965
11/3/23,43720,78.18451689,327,0.584774406,35769,63.96573615,1096,1.959977825,750,1.341225701,531,0.949587797,5718,10.22550475,7,0.012518107,176,0.314740965
11/4/23,43736,78.21312971,327,0.584774406,35782,63.98898407,1096,1.959977825,751,1.343014002,532,0.951376098,5719,10.22729305,7,0.012518107,176,0.314740965
11/6/23,43977,78.64411023,329,0.588351008,35991,64.36273896,1101,1.96891933,757,1.353743808,533,0.953164399,5741,10.26663567,7,0.012518107,176,0.314740965
11/7/23,44234,79.10370357,336,0.600869114,36220,64.77225988,1103,1.972495932,765,1.368050215,536,0.958529301,5762,10.30418999,7,0.012518107,177,0.316529266
11/8/23,44539,79.64913536,343,0.613387221,36500,65.27298414,1107,1.979649135,771,1.378780021,537,0.960317602,5780,10.33637941,7,0.012518107,180,0.321894168
11/9/23,44817,80.14628302,347,0.620540425,36751,65.72184767,1108,1.981437436,778,1.391298128,540,0.965682505,5799,10.37035712,7,0.012518107,181,0.323682469
11/10/23,44881,80.26073428,350,0.625905327,36807,65.82199252,1111,1.986802339,779,1.393086429,540,0.965682505,5806,10.38287523,7,0.012518107,181,0.323682469
11/11/23,44888,80.27325238,350,0.625905327,36814,65.83451063,1111,1.986802339,779,1.393086429,540,0.965682505,5806,10.38287523,7,0.012518107,181,0.323682469
11/13/23,45085,80.62554767,357,0.638423434,36990,66.1492516,1114,1.992167242,786,1.405604535,541,0.967470806,5822,10.41148805,7,0.012518107,182,0.32547077
11/14/23,45356,81.11017722,361,0.645576638,37229,66.57665552,1121,2.004685348,791,1.41454604,543,0.971047408,5844,10.45083067,7,0.012518107,182,0.32547077
11/15/23,45617,81.57692376,369,0.659883045,37450,66.97187003,1127,2.015415154,793,1.418122642,546,0.976412311,5879,10.5134212,7,0.012518107,184,0.329047372
11/16/23,45731,81.78079007,375,0.670612851,37553,67.15606502,1128,2.017203455,795,1.421699244,546,0.976412311,5893,10.53845741,7,0.012518107,184,0.329047372
11/17/23,45818,81.93637225,377,0.674189453,37631,67.2955525,1130,2.020780057,795,1.421699244,548,0.979988913,5900,10.55097552,7,0.012518107,184,0.329047372
11/18/23,45831,81.95962016,377,0.674189453,37641,67.3134355,1131,2.022568358,795,1.421699244,548,0.979988913,5902,10.55455212,7,0.012518107,184,0.329047372
11/19/23,45833,81.96319677,377,0.674189453,37643,67.31701211,1131,2.022568358,795,1.421699244,548,0.979988913,5902,10.55455212,7,0.012518107,184,0.329047372
11/20/23,45958,82.18673438,387,0.692072462,37756,67.51909011,1135,2.029721562,795,1.421699244,549,0.981777213,5918,10.58316493,7,0.012518107,185,0.330835673
11/21/23,46083,82.410272,391,0.699225666,37860,67.70507341,1137,2.033298163,797,1.425275845,551,0.985353815,5937,10.61714265,7,0.012518107,185,0.330835673
11/22/23,46169,82.56406588,398,0.711743772,37933,67.83561938,1139,2.036874765,799,1.428852447,555,0.992507019,5949,10.63860226,7,0.012518107,185,0.330835673
11/23/23,46194,82.6087734,398,0.711743772,37958,67.8803269,1139,2.036874765,799,1.428852447,555,0.992507019,5949,10.63860226,7,0.012518107,185,0.330835673
11/24/23,46231,82.67494054,398,0.711743772,37993,67.94291743,1139,2.036874765,799,1.428852447,556,0.99429532,5950,10.64039056,7,0.012518107,185,0.330835673
11/25/23,46234,82.68030544,398,0.711743772,37996,67.94828234,1139,2.036874765,799,1.428852447,556,0.99429532,5950,10.64039056,7,0.012518107,185,0.330835673
11/26/23,46235,82.68209374,398,0.711743772,37997,67.95007064,1139,2.036874765,799,1.428852447,556,0.99429532,5950,10.64039056,7,0.012518107,185,0.330835673
11/27/23,46384,82.94855058,405,0.724261879,38123,68.17539656,1144,2.04581627,802,1.43421735,557,0.996083621,5971,10.67794488,7,0.012518107,185,0.330835673
11/28/23,46541,83.22931383,424,0.758239597,38275,68.4472183,1148,2.052969474,804,1.437793952,557,0.996083621,5987,10.7065577,7,0.012518107,187,0.334412275
11/29/23,46782,83.66029435,430,0.768969402,38487,68.8263381,1150,2.056546076,809,1.446735457,559,0.999660223,6012,10.75126522,7,0.012518107,188,0.336200576
11/30/23,46979,84.01258964,435,0.777910907,38663,69.14107906,1151,2.058334377,812,1.452100359,561,1.003236825,6031,10.78524294,7,0.012518107,189,0.337988877
12/1/23,47047,84.1341941,437,0.781487509,38728,69.25731862,1153,2.061910978,812,1.452100359,561,1.003236825,6034,10.79060784,7,0.012518107,189,0.337988877
12/2/23,47088,84.20751444,438,0.78327581,38769,69.33063896,1154,2.063699279,812,1.452100359,561,1.003236825,6034,10.79060784,7,0.012518107,189,0.337988877
12/3/23,47171,84.35594342,438,0.78327581,38850,69.47549134,1154,2.063699279,813,1.45388866,561,1.003236825,6035,10.79239614,7,0.012518107,189,0.337988877
12/4/23,47459,84.87097409,454,0.811888625,39120,69.95833259,1160,2.074429085,816,1.459253563,564,1.008601727,6056,10.82995046,7,0.012518107,190,0.339777178
12/5/23,47695,85.29301311,465,0.831559935,39343,70.3571237,1162,2.078005687,818,1.462830165,566,1.012178329,6073,10.86035158,7,0.012518107,191,0.341565479
12/6/23,47936,85.72399363,472,0.844078041,39565,70.7541265,1167,2.086947191,823,1.47177167,566,1.012178329,6089,10.88896439,7,0.012518107,191,0.341565479
12/7/23,48067,85.95826106,488,0.872690856,39696,70.98839393,1169,2.090523793,823,1.47177167,567,1.01396663,6102,10.91221231,7,0.012518107,191,0.341565479
12/8/23,48184,86.16749227,494,0.883420662,39799,71.17258892,1169,2.090523793,826,1.477136573,568,1.015754931,6118,10.94082512,7,0.012518107,191,0.341565479
12/9/23,48221,86.2336594,498,0.890573866,39838,71.24233266,1169,2.090523793,826,1.477136573,569,1.017543232,6119,10.94261342,7,0.012518107,191,0.341565479
12/10/23,48234,86.25690731,498,0.890573866,39850,71.26379227,1169,2.090523793,826,1.477136573,569,1.017543232,6120,10.94440172,7,0.012518107,191,0.341565479
12/11/23,48337,86.44110231,503,0.89951537,39945,71.43368086,1171,2.094100395,828,1.480713174,571,1.021119834,6127,10.95691983,7,0.012518107,191,0.341565479
12/12/23,48472,86.68252293,512,0.915610079,40068,71.65364187,1172,2.095888696,830,1.484289776,572,1.022908135,6143,10.98553265,7,0.012518107,192,0.34335378
12/13/23,48580,86.87565944,518,0.926339884,40169,71.83426027,1176,2.1030419,832,1.487866378,573,1.024696436,6149,10.99626245,7,0.012518107,192,0.34335378
12/14/23,48698,87.08667895,524,0.93706969,40279,72.03097337,1178,2.106618502,834,1.49144298,573,1.024696436,6159,11.01414546,7,0.012518107,192,0.34335378
12/15/23,48790,87.25120263,524,0.93706969,40364,72.18297895,1179,2.108406803,838,1.498596184,573,1.024696436,6161,11.01772206,7,0.012518107,192,0.34335378
12/16/23,48812,87.29054525,524,0.93706969,40384,72.21874497,1179,2.108406803,838,1.498596184,573,1.024696436,6163,11.02129866,7,0.012518107,192,0.34335378
12/17/23,48863,87.3817486,524,0.93706969,40429,72.29921851,1180,2.110195104,840,1.502172786,573,1.024696436,6166,11.02666357,7,0.012518107,192,0.34335378
12/18/23,48984,87.59813301,528,0.944222894,40542,72.50129652,1181,2.111983405,843,1.507537688,573,1.024696436,6173,11.03918167,7,0.012518107,193,0.345142081
12/19/23,49122,87.84491854,538,0.962105903,40678,72.74450545,1181,2.111983405,846,1.512902591,573,1.024696436,6182,11.05527638,7,0.012518107,193,0.345142081
12/20/23,49248,88.07024446,546,0.976412311,40791,72.94658345,1181,2.111983405,848,1.516479193,573,1.024696436,6201,11.0892541,7,0.012518107,193,0.345142081
12/21/23,49361,88.27232247,552,0.987142116,40899,73.13971995,1182,2.113771706,848,1.516479193,574,1.026484737,6209,11.10356051,7,0.012518107,194,0.346930381
12/22/23,49415,88.36889072,556,0.99429532,40953,73.2362882,1183,2.115560006,848,1.516479193,574,1.026484737,6212,11.10892541,7,0.012518107,194,0.346930381
12/23/23,49434,88.40286843,556,0.99429532,40972,73.27026592,1183,2.115560006,848,1.516479193,574,1.026484737,6212,11.10892541,7,0.012518107,194,0.346930381
12/24/23,49440,88.41359824,556,0.99429532,40978,73.28099573,1183,2.115560006,848,1.516479193,574,1.026484737,6212,11.10892541,7,0.012518107,194,0.346930381
12/25/23,49467,88.46188237,556,0.99429532,41003,73.32570325,1183,2.115560006,848,1.516479193,575,1.028273038,6213,11.11071371,7,0.012518107,194,0.346930381
12/26/23,49504,88.5280495,562,1.005025126,41043,73.39723529,1184,2.117348307,849,1.518267494,575,1.028273038,6214,11.11250201,7,0.012518107,194,0.346930381
12/27/23,49548,88.60673474,564,1.008601727,41080,73.46340242,1185,2.119136608,850,1.520055795,575,1.028273038,6220,11.12323182,7,0.012518107,195,0.348718682
12/28/23,49583,88.66932527,565,1.010390028,41113,73.52241635,1185,2.119136608,850,1.520055795,575,1.028273038,6222,11.12680842,7,0.012518107,196,0.350506983
12/29/23,49618,88.73191581,565,1.010390028,41144,73.57785368,1186,2.120924909,850,1.520055795,575,1.028273038,6225,11.13217332,7,0.012518107,196,0.350506983
12/30/23,49638,88.76768183,565,1.010390028,41164,73.6136197,1186,2.120924909,850,1.520055795,575,1.028273038,6225,11.13217332,7,0.012518107,196,0.350506983
12/31/23,49689,88.85888517,565,1.010390028,41214,73.70303475,1186,2.120924909,851,1.521844096,575,1.028273038,6225,11.13217332,7,0.012518107,196,0.350506983
1/1/24,49726,88.92505231,565,1.010390028,41250,73.76741358,1186,2.120924909,851,1.521844096,575,1.028273038,6226,11.13396162,7,0.012518107,196,0.350506983
1/2/24,49837,89.12355371,569,1.017543232,41345,73.93730217,1188,2.124501511,853,1.525420698,576,1.030061339,6241,11.16078614,7,0.012518107,196,0.350506983
1/3/24,49978,89.37570414,579,1.035426242,41472,74.16441639,1192,2.131654715,857,1.532573902,577,1.03184964,6256,11.18761065,7,0.012518107,196,0.350506983
1/4/24,50154,89.69044511,592,1.058674154,41646,74.47558075,1194,2.135231317,857,1.532573902,577,1.03184964,6268,11.20907026,7,0.012518107,197,0.352295284
1/5/24,50360,90.0588351,595,1.064039056,41844,74.82966434,1194,2.135231317,859,1.536150503,577,1.03184964,6276,11.22337667,7,0.012518107,198,0.354083585
1/6/24,50397,90.12500224,597,1.067615658,41881,74.89583147,1194,2.135231317,859,1.536150503,577,1.03184964,6278,11.22695327,7,0.012518107,198,0.354083585
1/7/24,50413,90.15361505,597,1.067615658,41897,74.92444429,1194,2.135231317,859,1.536150503,577,1.03184964,6278,11.22695327,7,0.012518107,198,0.354083585
1/8/24,50517,90.33959835,610,1.090863571,42002,75.11221588,1197,2.14059622,860,1.537938804,578,1.033637941,6284,11.23768308,7,0.012518107,199,0.355871886
1/9/24,50635,90.55061786,615,1.099805075,42112,75.30892899,1201,2.147749423,861,1.539727105,579,1.035426242,6291,11.25020118,7,0.012518107,199,0.355871886
1/10/24,50824,90.88860673,624,1.115899784,42293,75.63261146,1201,2.147749423,864,1.545092008,579,1.035426242,6304,11.2734491,7,0.012518107,200,0.357660187
1/11/24,50950,91.11393265,636,1.137359395,42415,75.85078417,1202,2.149537724,869,1.554033513,579,1.035426242,6314,11.29133211,7,0.012518107,200,0.357660187
1/12/24,51007,91.21586581,643,1.149877501,42473,75.95450562,1203,2.151326025,870,1.555821814,579,1.035426242,6318,11.29848531,7,0.012518107,200,0.357660187
1/13/24,51017,91.23374882,644,1.151665802,42483,75.97238863,1203,2.151326025,870,1.555821814,579,1.035426242,6319,11.30027361,7,0.012518107,200,0.357660187
1/14/24,51025,91.24805522,644,1.151665802,42491,75.98669504,1203,2.151326025,870,1.555821814,579,1.035426242,6319,11.30027361,7,0.012518107,200,0.357660187
1/15/24,51040,91.27487974,644,1.151665802,42505,76.01173125,1203,2.151326025,870,1.555821814,580,1.037214542,6319,11.30027361,7,0.012518107,200,0.357660187
1/16/24,51094,91.37144799,653,1.167760511,42564,76.11724101,1203,2.151326025,870,1.555821814,580,1.037214542,6323,11.30742681,7,0.012518107,200,0.357660187
1/17/24,51173,91.51272376,668,1.194585025,42647,76.26566999,1205,2.154902627,873,1.561186717,581,1.039002843,6328,11.31636832,7,0.012518107,200,0.357660187
1/18/24,51277,91.69870706,688,1.230351043,42760,76.46774799,1205,2.154902627,874,1.562975017,581,1.039002843,6337,11.33246303,7,0.012518107,201,0.359448488
1/19/24,51341,91.81315832,698,1.248234053,42827,76.58756416,1206,2.156690928,875,1.564763318,581,1.039002843,6342,11.34140453,7,0.012518107,201,0.359448488
1/20/24,51348,91.82567642,701,1.253598956,42836,76.60365886,1206,2.156690928,876,1.566551619,581,1.039002843,6342,11.34140453,7,0.012518107,201,0.359448488
1/22/24,51422,91.95801069,712,1.273270266,42909,76.73420483,1207,2.158479229,877,1.56833992,583,1.042579445,6349,11.35392264,7,0.012518107,202,0.361236789
1/23/24,51501,92.09928647,722,1.291153275,42988,76.87548061,1208,2.16026753,878,1.570128221,583,1.042579445,6356,11.36644074,7,0.012518107,203,0.36302509
1/24/24,51608,92.29063467,739,1.321554391,43106,77.08650012,1208,2.16026753,880,1.573704823,583,1.042579445,6360,11.37359395,7,0.012518107,203,0.36302509
1/25/24,51675,92.41045083,748,1.3376491,43176,77.21168118,1208,2.16026753,880,1.573704823,583,1.042579445,6365,11.38253545,7,0.012518107,204,0.364813391
1/26/24,51746,92.5374202,755,1.350167206,43242,77.32970904,1209,2.162055831,881,1.575493124,584,1.044367746,6373,11.39684186,7,0.012518107,205,0.366601692
1/27/24,51750,92.5445734,756,1.351955507,43247,77.33865055,1209,2.162055831,881,1.575493124,584,1.044367746,6373,11.39684186,7,0.012518107,205,0.366601692
1/28/24,51751,92.5463617,756,1.351955507,43248,77.34043885,1209,2.162055831,881,1.575493124,584,1.044367746,6373,11.39684186,7,0.012518107,205,0.366601692
1/29/24,51797,92.62862354,762,1.362685313,43295,77.42448899,1210,2.163844132,881,1.575493124,584,1.044367746,6377,11.40399506,7,0.012518107,205,0.366601692
1/30/24,51869,92.75738121,771,1.378780021,43365,77.54967006,1212,2.167420734,882,1.577281425,585,1.046156047,6384,11.41651317,7,0.012518107,205,0.366601692
1/31/24,51982,92.95945922,781,1.39666303,43476,77.74817146,1215,2.172785636,883,1.579069726,585,1.046156047,6392,11.43081958,7,0.012518107,205,0.366601692
2/1/24,52059,93.09715839,789,1.410969438,43554,77.88765894,1215,2.172785636,885,1.582646328,587,1.049732649,6395,11.43618448,7,0.012518107,205,0.366601692
2/2/24,52106,93.18120853,793,1.418122642,43604,77.97707398,1215,2.172785636,885,1.582646328,587,1.049732649,6396,11.43797278,7,0.012518107,205,0.366601692
2/3/24,52112,93.19193834,793,1.418122642,43610,77.98780379,1215,2.172785636,885,1.582646328,587,1.049732649,6396,11.43797278,7,0.012518107,205,0.366601692
2/5/24,52174,93.302813,800,1.430640748,43669,78.09331354,1216,2.174573937,885,1.582646328,588,1.05152095,6404,11.45227919,7,0.012518107,205,0.366601692
2/6/24,52263,93.46197178,805,1.439582253,43756,78.24889572,1217,2.176362238,885,1.582646328,590,1.055097552,6408,11.45943239,7,0.012518107,205,0.366601692
2/7/24,52334,93.58894115,814,1.455676961,43830,78.38122999,1217,2.176362238,885,1.582646328,590,1.055097552,6414,11.4701622,7,0.012518107,205,0.366601692
2/8/24,52394,93.6962392,821,1.468195068,43890,78.48852805,1218,2.178150539,886,1.584434629,590,1.055097552,6419,11.4791037,7,0.012518107,205,0.366601692
2/9/24,52417,93.73737012,821,1.468195068,43911,78.52608237,1218,2.178150539,888,1.588011231,590,1.055097552,6419,11.4791037,7,0.012518107,205,0.366601692
2/10/24,52420,93.74273503,823,1.47177167,43916,78.53502387,1218,2.178150539,888,1.588011231,590,1.055097552,6419,11.4791037,7,0.012518107,205,0.366601692
2/11/24,52421,93.74452333,823,1.47177167,43917,78.53681217,1218,2.178150539,888,1.588011231,590,1.055097552,6419,11.4791037,7,0.012518107,205,0.366601692
2/12/24,52500,93.8857991,826,1.477136573,43992,78.67093474,1221,2.183515442,888,1.588011231,590,1.055097552,6423,11.48625691,7,0.012518107,205,0.366601692
2/13/24,52590,94.04674619,832,1.487866378,44082,78.83188183,1221,2.183515442,889,1.589799531,591,1.056885853,6427,11.49341011,7,0.012518107,205,0.366601692
2/14/24,52685,94.21663478,834,1.49144298,44175,78.99819382,1221,2.183515442,889,1.589799531,591,1.056885853,6431,11.50056331,7,0.012518107,205,0.366601692
2/15/24,52768,94.36506375,837,1.496807883,44253,79.13768129,1221,2.183515442,892,1.595164434,591,1.056885853,6436,11.50950482,7,0.012518107,205,0.366601692
2/16/24,52842,94.49739802,842,1.505749388,44327,79.27001556,1222,2.185303743,895,1.600529337,591,1.056885853,6437,11.51129312,7,0.012518107,205,0.366601692
2/17/24,52844,94.50097462,842,1.505749388,44328,79.27180386,1222,2.185303743,895,1.600529337,591,1.056885853,6438,11.51308142,7,0.012518107,205,0.366601692
2/19/24,52871,94.54925875,843,1.507537688,44354,79.31829968,1222,2.185303743,895,1.600529337,591,1.056885853,6440,11.51665802,7,0.012518107,205,0.366601692
2/20/24,52932,94.65834511,851,1.521844096,44420,79.43632755,1222,2.185303743,895,1.600529337,593,1.060462455,6441,11.51844632,7,0.012518107,205,0.366601692
2/21/24,53003,94.78531447,856,1.530785601,44489,79.55972031,1222,2.185303743,895,1.600529337,593,1.060462455,6448,11.53096443,7,0.012518107,205,0.366601692
2/22/24,53077,94.91764874,869,1.554033513,44568,79.70099608,1223,2.187092044,899,1.607682541,593,1.060462455,6451,11.53632933,7,0.012518107,205,0.366601692
2/23/24,53107,94.97129777,871,1.557610115,44594,79.74749191,1224,2.188880345,900,1.609470842,593,1.060462455,6455,11.54348254,7,0.012518107,205,0.366601692
2/24/24,53108,94.97308607,873,1.561186717,44596,79.75106851,1224,2.188880345,900,1.609470842,593,1.060462455,6456,11.54527084,7,0.012518107,205,0.366601692
2/26/24,53162,95.06965432,877,1.56833992,44647,79.84227186,1226,2.192456947,901,1.611259143,593,1.060462455,6460,11.55242404,7,0.012518107,205,0.366601692
2/27/24,53210,95.15549277,882,1.577281425,44695,79.9281103,1227,2.194245248,902,1.613047444,593,1.060462455,6463,11.55778894,7,0.012518107,205,0.366601692
2/28/24,53268,95.25921422,886,1.584434629,44756,80.03719666,1228,2.196033549,902,1.613047444,593,1.060462455,6463,11.55778894,7,0.012518107,205,0.366601692
2/29/24,53335,95.37903038,895,1.600529337,44823,80.15701282,1231,2.201398451,903,1.614835745,595,1.064039056,6466,11.56315385,7,0.012518107,205,0.366601692
3/1/24,53366,95.43446771,900,1.609470842,44857,80.21781505,1231,2.201398451,903,1.614835745,596,1.065827357,6467,11.56494215,7,0.012518107,205,0.366601692
3/2/24,53369,95.43983262,900,1.609470842,44860,80.22317996,1231,2.201398451,903,1.614835745,596,1.065827357,6467,11.56494215,7,0.012518107,205,0.366601692
3/4/24,53413,95.51851786,903,1.614835745,44904,80.3018652,1232,2.203186752,905,1.618412346,596,1.065827357,6467,11.56494215,7,0.012518107,205,0.366601692
3/5/24,53465,95.6115095,909,1.62556555,44958,80.39843345,1232,2.203186752,905,1.618412346,596,1.065827357,6470,11.57030705,7,0.012518107,206,0.368389993
3/6/24,53505,95.68304154,914,1.634507055,45000,80.47354209,1232,2.203186752,905,1.618412346,597,1.067615658,6472,11.57388365,7,0.012518107,206,0.368389993
3/7/24,53547,95.75815018,916,1.638083657,45037,80.53970922,1233,2.204975053,906,1.620200647,597,1.067615658,6477,11.58282516,7,0.012518107,206,0.368389993
3/8/24,53577,95.81179921,921,1.647025161,45070,80.59872315,1233,2.204975053,907,1.621988948,597,1.067615658,6478,11.58461346,7,0.012518107,206,0.368389993
3/9/24,53578,95.81358751,922,1.648813462,45072,80.60229976,1233,2.204975053,907,1.621988948,597,1.067615658,6478,11.58461346,7,0.012518107,206,0.368389993
3/11/24,53617,95.88333125,927,1.657754967,45114,80.67740839,1233,2.204975053,909,1.62556555,597,1.067615658,6478,11.58461346,7,0.012518107,206,0.368389993
3/12/24,53667,95.97274629,938,1.677426277,45170,80.77755325,1235,2.208551655,909,1.62556555,597,1.067615658,6481,11.58997836,7,0.012518107,206,0.368389993
3/13/24,53714,96.05679644,948,1.695309287,45226,80.8776981,1235,2.208551655,909,1.62556555,597,1.067615658,6482,11.59176666,7,0.012518107,206,0.368389993
3/14/24,53745,96.11223377,958,1.713192296,45264,80.94565353,1235,2.208551655,909,1.62556555,597,1.067615658,6485,11.59713157,7,0.012518107,206,0.368389993
3/15/24,53766,96.14978809,966,1.727498703,45292,80.99572596,1236,2.210339956,909,1.62556555,597,1.067615658,6485,11.59713157,7,0.012518107,206,0.368389993
3/16/24,53768,96.15336469,966,1.727498703,45293,80.99751426,1236,2.210339956,910,1.627353851,597,1.067615658,6485,11.59713157,7,0.012518107,206,0.368389993
3/17/24,53770,96.15694129,966,1.727498703,45295,81.00109086,1236,2.210339956,910,1.627353851,597,1.067615658,6485,11.59713157,7,0.012518107,206,0.368389993
3/18/24,53790,96.19270731,976,1.745381713,45323,81.05116329,1236,2.210339956,911,1.629142152,597,1.067615658,6486,11.59891987,7,0.012518107,206,0.368389993
3/19/24,53836,96.27496915,992,1.773994528,45381,81.15488474,1236,2.210339956,912,1.630930453,597,1.067615658,6489,11.60428477,7,0.012518107,206,0.368389993
3/20/24,53867,96.33040648,1009,1.804395644,45426,81.23535829,1236,2.210339956,912,1.630930453,597,1.067615658,6492,11.60964967,7,0.012518107,206,0.368389993
3/21/24,53890,96.3715374,1015,1.815125449,45453,81.28364241,1236,2.210339956,913,1.632718754,597,1.067615658,6492,11.60964967,7,0.012518107,207,0.370178294
3/22/24,53897,96.38405551,1020,1.824066954,45464,81.30331372,1237,2.212128257,913,1.632718754,597,1.067615658,6492,11.60964967,7,0.012518107,207,0.370178294
3/23/24,53900,96.38942041,1021,1.825855255,45467,81.30867862,1237,2.212128257,913,1.632718754,597,1.067615658,6493,11.61143797,7,0.012518107,207,0.370178294
3/25/24,53919,96.42339813,1029,1.840161662,45491,81.35159785,1237,2.212128257,914,1.634507055,598,1.069403959,6494,11.61322627,7,0.012518107,207,0.370178294
3/26/24,53946,96.47168225,1034,1.849103167,45517,81.39809367,1238,2.213916558,914,1.634507055,599,1.07119226,6498,11.62037948,7,0.012518107,207,0.370178294
3/27/24,53983,96.53784939,1039,1.858044672,45557,81.46962571,1238,2.213916558,914,1.634507055,599,1.07119226,6500,11.62395608,7,0.012518107,207,0.370178294
3/28/24,54010,96.58613351,1047,1.872351079,45590,81.52863964,1238,2.213916558,915,1.636295356,599,1.07119226,6501,11.62574438,7,0.012518107,207,0.370178294
3/29/24,54029,96.62011123,1053,1.883080885,45613,81.56977056,1238,2.213916558,916,1.638083657,599,1.07119226,6502,11.62753268,7,0.012518107,207,0.370178294
3/30/24,54030,96.62189953,1053,1.883080885,45614,81.57155886,1238,2.213916558,916,1.638083657,599,1.07119226,6502,11.62753268,7,0.012518107,207,0.370178294
4/1/24,54048,96.65408895,1053,1.883080885,45632,81.60374828,1238,2.213916558,916,1.638083657,599,1.07119226,6502,11.62753268,7,0.012518107,207,0.370178294
4/2/24,54074,96.70058477,1070,1.913482001,45670,81.67170371,1238,2.213916558,920,1.64523686,599,1.07119226,6503,11.62932098,7,0.012518107,207,0.370178294
4/3/24,54088,96.72562099,1076,1.924211806,45685,81.69852823,1239,2.215704859,921,1.647025161,601,1.074768862,6504,11.63110928,7,0.012518107,207,0.370178294
4/4/24,54106,96.7578104,1085,1.940306515,45708,81.73965915,1239,2.215704859,924,1.652390064,601,1.074768862,6505,11.63289758,7,0.012518107,207,0.370178294
4/5/24,54117,96.77748171,1091,1.95103632,45724,81.76827196,1239,2.215704859,925,1.654178365,601,1.074768862,6505,11.63289758,7,0.012518107,207,0.370178294
4/6/24,54120,96.78284662,1092,1.952824621,45728,81.77542517,1239,2.215704859,925,1.654178365,601,1.074768862,6505,11.63289758,7,0.012518107,207,0.370178294
4/8/24,54141,96.82040094,1099,1.965342728,45755,81.82370929,1239,2.215704859,925,1.654178365,601,1.074768862,6506,11.63468588,7,0.012518107,207,0.370178294
4/9/24,54167,96.86689676,1105,1.976072533,45787,81.88093492,1239,2.215704859,925,1.654178365,601,1.074768862,6506,11.63468588,7,0.012518107,207,0.370178294
4/10/24,54187,96.90266278,1112,1.98859064,45813,81.92743075,1239,2.215704859,925,1.654178365,601,1.074768862,6507,11.63647419,7,0.012518107,207,0.370178294
4/11/24,54209,96.9420054,1120,2.002897048,45841,81.97750317,1239,2.215704859,925,1.654178365,601,1.074768862,6509,11.64005079,7,0.012518107,207,0.370178294
4/12/24,54226,96.97240652,1124,2.010050251,45862,82.01505749,1239,2.215704859,925,1.654178365,601,1.074768862,6509,11.64005079,7,0.012518107,207,0.370178294
4/13/24,54228,96.97598312,1125,2.011838552,45865,82.0204224,1239,2.215704859,925,1.654178365,601,1.074768862,6509,11.64005079,7,0.012518107,207,0.370178294
4/15/24,54254,97.02247894,1132,2.024356659,45896,82.07585973,1239,2.215704859,926,1.655966666,601,1.074768862,6510,11.64183909,7,0.012518107,207,0.370178294
4/16/24,54282,97.07255137,1138,2.035086464,45928,82.13308536,1239,2.215704859,927,1.657754967,601,1.074768862,6510,11.64183909,7,0.012518107,208,0.371966595
4/17/24,54299,97.10295248,1148,2.052969474,45955,82.18136948,1239,2.215704859,927,1.657754967,601,1.074768862,6510,11.64183909,7,0.012518107,208,0.371966595
4/18/24,54312,97.1262004,1151,2.058334377,45969,82.20640569,1239,2.215704859,928,1.659543268,601,1.074768862,6511,11.64362739,7,0.012518107,208,0.371966595
4/19/24,54322,97.14408341,1157,2.069064182,45985,82.23501851,1239,2.215704859,928,1.659543268,601,1.074768862,6511,11.64362739,7,0.012518107,208,0.371966595
4/20/24,54323,97.14587171,1163,2.079793988,45992,82.24753662,1239,2.215704859,928,1.659543268,601,1.074768862,6511,11.64362739,7,0.012518107,208,0.371966595
4/21/24,54324,97.14766001,1163,2.079793988,45993,82.24932492,1239,2.215704859,928,1.659543268,601,1.074768862,6511,11.64362739,7,0.012518107,208,0.371966595
4/22/24,54344,97.18342603,1172,2.095888696,46019,82.29582074,1239,2.215704859,929,1.661331569,601,1.074768862,6513,11.64720399,7,0.012518107,208,0.371966595
4/23/24,54364,97.21919205,1180,2.110195104,46045,82.34231657,1239,2.215704859,929,1.661331569,601,1.074768862,6513,11.64720399,7,0.012518107,210,0.375543196
4/24/24,54390,97.26568787,1190,2.128078113,46081,82.4066954,1239,2.215704859,929,1.661331569,601,1.074768862,6513,11.64720399,7,0.012518107,210,0.375543196
4/25/24,54407,97.29608899,1199,2.144172821,46105,82.44961462,1239,2.215704859,930,1.66311987,601,1.074768862,6514,11.64899229,7,0.012518107,210,0.375543196
4/26/24,54418,97.3157603,1204,2.153114326,46119,82.47465083,1239,2.215704859,931,1.664908171,601,1.074768862,6515,11.65078059,7,0.012518107,210,0.375543196
4/27/24,54421,97.3211252,1206,2.156690928,46124,82.48359234,1239,2.215704859,931,1.664908171,601,1.074768862,6515,11.65078059,7,0.012518107,210,0.375543196
4/29/24,54443,97.36046782,1212,2.167420734,46152,82.53366477,1239,2.215704859,931,1.664908171,601,1.074768862,6515,11.65078059,7,0.012518107,210,0.375543196
4/30/24,54452,97.37656253,1221,2.183515442,46168,82.56227758,1239,2.215704859,931,1.664908171,601,1.074768862,6517,11.6543572,7,0.012518107,210,0.375543196
5/1/24,54467,97.40338704,1227,2.194245248,46184,82.5908904,1240,2.21749316,932,1.666696472,601,1.074768862,6520,11.6597221,7,0.012518107,210,0.375543196
5/2/24,54476,97.41948175,1231,2.201398451,46197,82.61413831,1240,2.21749316,932,1.666696472,601,1.074768862,6520,11.6597221,7,0.012518107,210,0.375543196
5/3/24,54480,97.42663495,1232,2.203186752,46200,82.61950321,1241,2.219281461,932,1.666696472,601,1.074768862,6521,11.6615104,7,0.012518107,210,0.375543196
5/4/24,54480,97.42663495,1236,2.210339956,46204,82.62665641,1241,2.219281461,932,1.666696472,601,1.074768862,6521,11.6615104,7,0.012518107,210,0.375543196
5/6/24,54488,97.44094136,1244,2.224646363,46220,82.65526923,1241,2.219281461,932,1.666696472,601,1.074768862,6521,11.6615104,7,0.012518107,210,0.375543196
5/7/24,54494,97.45167117,1247,2.230011266,46228,82.66957564,1241,2.219281461,932,1.666696472,601,1.074768862,6522,11.6632987,7,0.012518107,210,0.375543196
5/8/24,54506,97.47313078,1250,2.235376169,46243,82.69640015,1241,2.219281461,932,1.666696472,601,1.074768862,6522,11.6632987,7,0.012518107,210,0.375543196
5/9/24,54522,97.50174359,1252,2.238952771,46260,82.72680127,1241,2.219281461,932,1.666696472,601,1.074768862,6523,11.665087,7,0.012518107,210,0.375543196
5/10/24,54529,97.5142617,1257,2.247894276,46272,82.74826088,1241,2.219281461,932,1.666696472,601,1.074768862,6523,11.665087,7,0.012518107,210,0.375543196
5/11/24,54530,97.51605,1258,2.249682577,46274,82.75183748,1241,2.219281461,932,1.666696472,601,1.074768862,6523,11.665087,7,0.012518107,210,0.375543196
5/13/24,54536,97.52677981,1262,2.25683578,46283,82.76793219,1241,2.219281461,932,1.666696472,601,1.074768862,6524,11.6668753,7,0.012518107,210,0.375543196
5/14/24,54551,97.55360432,1264,2.260412382,46296,82.7911801,1241,2.219281461,932,1.666696472,601,1.074768862,6528,11.67402851,7,0.012518107,210,0.375543196
5/15/24,54564,97.57685223,1267,2.265777285,46311,82.81800461,1241,2.219281461,932,1.666696472,601,1.074768862,6529,11.67581681,7,0.012518107,210,0.375543196
5/16/24,54574,97.59473524,1270,2.271142188,46324,82.84125253,1241,2.219281461,932,1.666696472,601,1.074768862,6529,11.67581681,7,0.012518107,210,0.375543196
5/17/24,54580,97.60546505,1271,2.272930489,46331,82.85377063,1241,2.219281461,932,1.666696472,601,1.074768862,6529,11.67581681,7,0.012518107,210,0.375543196
5/20/24,54593,97.62871296,1273,2.276507091,46344,82.87701854,1241,2.219281461,932,1.666696472,601,1.074768862,6531,11.67939341,7,0.012518107,210,0.375543196
5/21/24,54603,97.64659597,1275,2.280083692,46356,82.89847816,1241,2.219281461,932,1.666696472,601,1.074768862,6531,11.67939341,7,0.012518107,210,0.375543196
5/22/24,54618,97.67342048,1279,2.287236896,46374,82.93066757,1241,2.219281461,933,1.668484773,601,1.074768862,6531,11.67939341,7,0.012518107,210,0.375543196
5/23/24,54627,97.68951519,1285,2.297966702,46388,82.95570379,1242,2.221069762,933,1.668484773,601,1.074768862,6531,11.67939341,7,0.012518107,210,0.375543196
5/24/24,54630,97.69488009,1289,2.305119906,46395,82.96822189,1242,2.221069762,933,1.668484773,601,1.074768862,6531,11.67939341,7,0.012518107,210,0.375543196